{
  "slides": [
    {
      "time": 0,
      "url": "https://perso.telecom-paris.fr/dufourd/cours/inf203/"
    },
    {
      "time": 2,
      "url": "https://perso.telecom-paris.fr/dufourd/cours/inf203/js.html#/loops"
    },
    {
      "time": 4,
      "url": "https://perso.telecom-paris.fr/dufourd/cours/git/git-advanced.htm#/git-in-practice"
    },
    {
      "time": 6,
      "url": "https://perso.telecom-paris.fr/dufourd/cours/inf203/svg.html#/svg-arcs"
    },
    {
      "time": 8,
      "url": "https://inf103.telecom-paris.fr/inf103/JavaClassesObjets.html#slide24"
    },
    {
      "time": 10,
      "url": ""
    }
  ]
}